Workbook

Sheet README
B2: Dengue Master Data Entry — one file, fill in every cycle
B3: Replaces the separate case-entry template and population-verification workbook — everything lives here now.
B5: Why one file
B6: You previously had a case-entry template and a separate population-verification workbook. Every week you'd need to touch two files, and the IR formulas in the entry sheet were pointing at an older, less accurate population source than the one the dashboard actually uses now. This version merges everything into one workbook: case entry, population reference, and QA, all cross-linked by formula.
B8: What's in this version
B9: Population_by_Province_Year: real year-by-year population for all 25 provinces (2020-2026) from NIS's official Population Projection 2020-2033 report — the same source the dashboard's Risk Map now uses. 2018-2019 (before the report's coverage) is back-extrapolated using each province's own observed growth rate. This is the single source of truth for population — the other sheets pull from it by formula.
B10: National_Monthly_Entry: 2,341 real province x month rows (2018-2026), same as before — but IR now pulls from Population_by_Province_Year instead of the old DHF-bulletin-derived figure, so it matches the dashboard exactly for every province, not just a couple.
B11: QA_Checklist: same automated checks as before, still running against the live data in this file.
B13: How to use it going forward
B14: 1. Each new week/month, add rows in the yellow section of National_Monthly_Entry. Dropdowns keep entries valid; IR and CFR calculate themselves.
B15: 2. Population doesn't need touching year to year unless NIS publishes an update — when they do, replace just the Population_by_Province_Year sheet and every IR figure downstream recalculates automatically.
B16: 3. Check QA_Checklist goes all-green before sending data anywhere or refreshing the dashboard.
... B31: QA_Checklist — Automated data-quality checks, running against the live data now loaded.

Sheet Lookup_Lists
A1: Canonical Lookup Lists — edit only to ADD a new value; never rename/delete a value already used in an entry sheet
A3: Provinces (25) | D3: Diagnosis Codes | F3: Age Groups
A4: Province (Full Name) | B4: DHF Bulletin Abbreviation | D4: Code | F4: Age Group
A5: Banteay Meanchey | B5: B.Meanchey | D5: DF | F5: <5 ys
A6: Battambang | B6: Battambang | D6: DHF | F6: 5 - <10 ys
A7: Kampong Cham | B7: Kampong Cham | D7: DHF1 | F7: 10 - < 15 ys
A8: Kampong Chhnang | B8: Kg.Chhnang | D8: DHF2 | F8: 15+
A9: Kampong Speu | B9: KampongSpeu | D9: DHF3
A10: Kampong Thom | B10: KampongThom | D10: DHF4
A11: Kampot | B11: Kampot | D11: DSS
A12: Kandal | B12: Kandal | D12: DHFD
A13: Kep | B13: Kep
A14: Koh Kong | B14: Koh Kong | D14: DHF=ungraded · DHF1-4=graded · DSS=Shock Syndrome · DHFD=Death
A15: Kratie | B15: Kratie
A16: Mondul Kiri | B16: MondulKiri
A17: Otdar Meanchey | B17: O.Meanchey
A18: Pailin | B18: Paillin
A19: Phnom Penh | B19: Phnom Penh
A20: Preah Sihanouk | B20: K.Pr.Sihaknouk
A21: Preah Vihear | B21: PreahVihear
A22: Prey Veng | B22: PreyVeng
A23: Pursat | B23: Pursat
A24: Ratanak Kiri | B24: RattanaKiri
A25: Siem Reap | B25: Siem Reap
A26: Stung Treng | B26: StungTreng
... A29: Tboung Khmum | B29: Tboung Khmum
A31: Population is no longer listed here — see the Population_by_Province_Year sheet.

Sheet Population_by_Province_Year
A1: Real population by province and year — source of truth for every IR figure in this workbook and the dashboard
A2: 2026 column is year-to-date population (matches the DHF bulletin reporting period). 2020-2026 = NIS official Population Projection 2020-2033 (Table 4.27.1), validated against the report's own national totals. 2018-2019 = back-extrapolated per province's own growth rate.
A4: Province | B4: 2018 | C4: 2019 | D4: 2020 | E4: 2021 | F4: 2022 | G4: 2023 | H4: 2024 | I4: 2025 | J4: 2026
A5: Banteay Meanchey | B5: 877925 | C5: 891574 | D5: 905435 | E5: 919512 | F5: 933435 | G5: 947186 | H5: 960755 | I5: 974136 | J5: 987347
A6: Battambang | B6: 1015729 | C6: 1031520 | D6: 1047557 | E6: 1063843 | F6: 1079953 | G6: 1095862 | H6: 1111561 | I6: 1127042 | J6: 1142327
A7: Kampong Cham | B7: 916540 | C7: 930789 | D7: 945259 | E7: 959954 | F7: 974490 | G7: 988846 | H7: 1003012 | I7: 1016981 | J7: 1030773
A8: Kampong Chhnang | B8: 536836 | C8: 545182 | D8: 553658 | E8: 562266 | F8: 570780 | G8: 579189 | H8: 587486 | I8: 595668 | J8: 603746
A9: Kampong Speu | B9: 893858 | C9: 907754 | D9: 921866 | E9: 936197 | F9: 950374 | G9: 964374 | H9: 978189 | I9: 991813 | J9: 1005264
A10: Kampong Thom | B10: 694235 | C10: 705028 | D10: 715989 | E10: 727120 | F10: 738130 | G10: 749004 | H10: 759734 | I10: 770315 | J10: 780762
A11: Kampot | B11: 604881 | C11: 614285 | D11: 623836 | E11: 633535 | F11: 643128 | G11: 652602 | H11: 661951 | I11: 671170 | J11: 680273
A12: Kandal | B12: 1223947 | C12: 1242975 | D12: 1262299 | E12: 1281923 | F12: 1301335 | G12: 1320505 | H12: 1339422 | I12: 1358077 | J12: 1376495
A13: Kep | B13: 43459 | C13: 44135 | D13: 44821 | E13: 45518 | F13: 46207 | G13: 46888 | H13: 47559 | I13: 48222 | J13: 48876
A14: Koh Kong | B14: 128245 | C14: 130239 | D14: 132264 | E14: 134320 | F14: 136354 | G14: 138363 | H14: 140345 | I14: 142300 | J14: 144230
A15: Kratie | B15: 381732 | C15: 387666 | D15: 393692 | E15: 399812 | F15: 405867 | G15: 411846 | H15: 417746 | I15: 423564 | J15: 429308
... A29: Tboung Khmum | B29: 791301 | C29: 803603 | D29: 816096 | E29: 828783 | F29: 841333 | G29: 853727 | H29: 865958 | I29: 878018 | J29: 889926

Sheet National_Monthly_Entry
A1: National DHF Bulletin — Province x Month Entry
A2: CFR and IR calculate automatically. Population is looked up live from Population_by_Province_Year — update that sheet once a year, not here.
A4: Province | B4: Year | C4: Month | D4: Cases | E4: Deaths | F4: CFR (%) — auto | G4: Population (auto, linked) | H4: IR per 100,000 — auto
A5: Banteay Meanchey | B5: 2018 | C5: Jan | D5: 4 | E5: 0 | F5: =IFERROR(E5/D5*100,"") -> 0 | G5: =IFERROR(INDEX(Population_by_Province_Year!$B$5:$J$29,MATCH($A5,Population_by_Province_Year!$A$5:$A$29,0),MATCH($B5,Population_by_Province_Year!$B$4:$J$4,0)),"") -> 877925 | H5: =IFERROR(D5/G5*100000,"") -> 0.45561979
A6: Battambang | B6: 2018 | C6: Jan | D6: 5 | E6: 0 | F6: =IFERROR(E6/D6*100,"") -> 0 | G6: =IFERROR(INDEX(Population_by_Province_Year!$B$5:$J$29,MATCH($A6,Population_by_Province_Year!$A$5:$A$29,0),MATCH($B6,Population_by_Province_Year!$B$4:$J$4,0)),"") -> 1015729 | H6: =IFERROR(D6/G6*100000,"") -> 0.49225729
A7: Kampong Cham | B7: 2018 | C7: Jan | D7: 21 | E7: 0 | F7: =IFERROR(E7/D7*100,"") -> 0 | G7: =IFERROR(INDEX(Population_by_Province_Year!$B$5:$J$29,MATCH($A7,Population_by_Province_Year!$A$5:$A$29,0),MATCH($B7,Population_by_Province_Year!$B$4:$J$4,0)),"") -> 916540 | H7: =IFERROR(D7/G7*100000,"") -> 2.2912257
A8: Kampong Chhnang | B8: 2018 | C8: Jan | D8: 7 | E8: 0 | F8: =IFERROR(E8/D8*100,"") -> 0 | G8: =IFERROR(INDEX(Population_by_Province_Year!$B$5:$J$29,MATCH($A8,Population_by_Province_Year!$A$5:$A$29,0),MATCH($B8,Population_by_Province_Year!$B$4:$J$4,0)),"") -> 536836 | H8: =IFERROR(D8/G8*100000,"") -> 1.3039364
A9: Kampong Speu | B9: 2018 | C9: Jan | D9: 9 | E9: 0 | F9: =IFERROR(E9/D9*100,"") -> 0 | G9: =IFERROR(INDEX(Population_by_Province_Year!$B$5:$J$29,MATCH($A9,Population_by_Province_Year!$A$5:$A$29,0),MATCH($B9,Population_by_Province_Year!$B$4:$J$4,0)),"") -> 893858 | H9: =IFERROR(D9/G9*100000,"") -> 1.0068713
A10: Kampong Thom | B10: 2018 | C10: Jan | D10: 6 | E10: 0 | F10: =IFERROR(E10/D10*100,"") -> 0 | G10: =IFERROR(INDEX(Population_by_Province_Year!$B$5:$J$29,MATCH($A10,Population_by_Province_Year!$A$5:$A$29,0),MATCH($B10,Population_by_Province_Year!$B$4:$J$4,0)),"") -> 694235 | H10: =IFERROR(D10/G10*100000,"") -> 0.86426066
A11: Kampot | B11: 2018 | C11: Jan | D11: 5 | E11: 0 | F11: =IFERROR(E11/D11*100,"") -> 0 | G11: =IFERROR(INDEX(Population_by_Province_Year!$B$5:$J$29,MATCH($A11,Population_by_Province_Year!$A$5:$A$29,0),MATCH($B11,Population_by_Province_Year!$B$4:$J$4,0)),"") -> 604881 | H11: =IFERROR(D11/G11*100000,"") -> 0.82660887
A12: Kandal | B12: 2018 | C12: Jan | D12: 42 | E12: 0 | F12: =IFERROR(E12/D12*100,"") -> 0 | G12: =IFERROR(INDEX(Population_by_Province_Year!$B$5:$J$29,MATCH($A12,Population_by_Province_Year!$A$5:$A$29,0),MATCH($B12,Population_by_Province_Year!$B$4:$J$4,0)),"") -> 1223947 | H12: =IFERROR(D12/G12*100000,"") -> 3.4315211
A13: Kratie | B13: 2018 | C13: Jan | D13: 3 | E13: 0 | F13: =IFERROR(E13/D13*100,"") -> 0 | G13: =IFERROR(INDEX(Population_by_Province_Year!$B$5:$J$29,MATCH($A13,Population_by_Province_Year!$A$5:$A$29,0),MATCH($B13,Population_by_Province_Year!$B$4:$J$4,0)),"") -> 381732 | H13: =IFERROR(D13/G13*100000,"") -> 0.78589167
A14: Phnom Penh | B14: 2018 | C14: Jan | D14: 283 | E14: 1 | F14: =IFERROR(E14/D14*100,"") -> 0.35335689 | G14: =IFERROR(INDEX(Population_by_Province_Year!$B$5:$J$29,MATCH($A14,Population_by_Province_Year!$A$5:$A$29,0),MATCH($B14,Population_by_Province_Year!$B$4:$J$4,0)),"") -> 2324424 | H14: =IFERROR(D14/G14*100000,"") -> 12.175059
A15: Preah Sihanouk | B15: 2018 | C15: Jan | D15: 7 | E15: 0 | F15: =IFERROR(E15/D15*100,"") -> 0 | G15: =IFERROR(INDEX(Population_by_Province_Year!$B$5:$J$29,MATCH($A15,Population_by_Province_Year!$A$5:$A$29,0),MATCH($B15,Population_by_Province_Year!$B$4:$J$4,0)),"") -> 315842 | H15: =IFERROR(D15/G15*100000,"") -> 2.216298
A16: Preah Vihear | B16: 2018 | C16: Jan | D16: 1 | E16: 0 | F16: =IFERROR(E16/D16*100,"") -> 0 | G16: =IFERROR(INDEX(Population_by_Province_Year!$B$5:$J$29,MATCH($A16,Population_by_Province_Year!$A$5:$A$29,0),MATCH($B16,Population_by_Province_Year!$B$4:$J$4,0)),"") -> 259570 | H16: =IFERROR(D16/G16*100000,"") -> 0.38525253
... A2371: Tboung Khmum | B2371: 2026 | C2371: Aug | D2371: 256 | E2371: 1 | F2371: =IFERROR(E2371/D2371*100,"") -> 0.390625 | G2371: =IFERROR(INDEX(Population_by_Province_Year!$B$5:$J$29,MATCH($A2371,Population_by_Province_Year!$A$5:$A$29,0),MATCH($B2371,Population_by_Province_Year!$B$4:$J$4,0)),"") -> 889926 | H2371: =IFERROR(D2371/G2371*100000,"") -> 28.766437

Sheet QA_Checklist
A1: QA Checklist — run this before sharing data or refreshing the dashboard
A2: Every 'Result' cell is a formula, checked against the real data now loaded. Green = pass, red = needs attention.
A4: # | B4: Check | C4: Sheet | D4: Result | E4: What a red flag means
A5: 1 | B5: Any National entry row missing Cases or Deaths? | C5: National_Monthly_Entry | D5: =IF(COUNTIFS(National_Monthly_Entry!$A$6:$A$2371,"<>",National_Monthly_Entry!$D$6:$D$2371,"")>0,"FLAG: check rows","OK") -> OK | E5: A province/month row has no case count — it will read as zero on the dashboard instead of 'not yet reported'.
A6: 2 | B6: Any Deaths greater than Cases in the same row? | C6: National_Monthly_Entry | D6: =IF(SUMPRODUCT((National_Monthly_Entry!$E$6:$E$2371>National_Monthly_Entry!$D$6:$D$2371)*1)>0,"FLAG: impossible row found","OK") -> OK | E6: Deaths cannot exceed cases in the same province/month — usually a typo in one of the two columns.
A7: 3 | B7: Any National row where population didn't link (blank IR)? | C7: National_Monthly_Entry | D7: =IF(SUMPRODUCT((National_Monthly_Entry!$A$6:$A$2371<>"")*(National_Monthly_Entry!$G$6:$G$2371=""))>0,"FLAG: "&SUMPRODUCT((National_Monthly_Entry!$A$6:$A$2371<>"")*(National_Monthly_Entry!$G$6:$G$2371=""))&" row(s)","OK") -> FLAG: 1 row(s) | E7: Usually means the Province or Year on that row doesn't exactly match Population_by_Province_Year — check spelling/year range (2018-2026 only).
A8: 4 | B8: Any CFR above 5% (unusually high — verify)? | C8: National_Monthly_Entry | D8: =IF(SUMPRODUCT((National_Monthly_Entry!$F$6:$F$2371<>"")*(National_Monthly_Entry!$F$6:$F$2371>5))>0,"FLAG: "&SUMPRODUCT((National_Monthly_Entry!$F$6:$F$2371<>"")*(National_Monthly_Entry!$F$6:$F$2371>5))&" outlier row(s)","OK") -> FLAG: 16 outlier row(s) | E8: Dengue CFR is normally under 1%. Rows above 5% are usually low-case-count months where one death swings the rate — check before reporting.
A9: 5 | B9: Any duplicate Province+Year+Month row in National entry? | C9: National_Monthly_Entry | D9: =IF(SUMPRODUCT((COUNTIFS(National_Monthly_Entry!$A$6:$A$2371,National_Monthly_Entry!$A$6:$A$2371,National_Monthly_Entry!$B$6:$B$2371,National_Monthly_Entry!$B$6:$B$2371,National_Monthly_Entry!$C$6:$C$2371,National_Monthly_Entry!$C$6:$C$2371)>1)*(National_Monthly_Entry!$A$6:$A$2371<>""))>0,"FLAG: duplicate province/month found","OK") -> OK | E9: The same province+year+month appears twice — the dashboard would double count that month if both rows are kept.
A10: 6 | B10: Total National rows loaded | C10: National_Monthly_Entry | D10: =COUNTIF(National_Monthly_Entry!$A$6:$A$2371,"<>")&" rows" -> 2366 rows | E10: Informational — should read 2,341 (2,166 historical + 175 for 2026) until you add new months.
A11: 7 | B11: Provinces with population data loaded | C11: Population_by_Province_Year | D11: =COUNTIF(Population_by_Province_Year!$A$5:$A$29,"<>")&" of 25 provinces" -> 25 of 25 provinces | E11: Should read 25 of 25 — if not, a province row is missing from the population sheet and its IR will be blank.
A12: 8 | B12: National_AgeGroup_Entry has entries for both 2025 and 2026, all 4 age groups? | C12: National_AgeGroup_Entry | D12: =IF(COUNTA(National_AgeGroup_Entry!$A$6:$A$13)=8,"OK","FLAG: expected 8 rows (4 age groups x 2 years)") -> FLAG: expected 8 rows (4 age groups x 2 years) | E12: Should show OK for the 4 age bands x 2 years (2025, 2026) currently loaded. Add more rows as new years come in — this check will need updating to match your row range if you add many more years.

Sheet National_AgeGroup_Entry
A1: National Cases by Age Group — Entry
A2: One row per age group per year (long format, like National_Monthly_Entry). This is a point-in-time YTD snapshot each year — not monthly — because that's the granularity the DHF bulletin's own age-group table reports. Add a new row per age group each time the bulletin re-reports, or each new year.
A4: Age Group | B4: Year | C4: Cases | D4: Deaths | E4: CFR (%) — auto | F4: DF | G4: DHF | H4: DSS
A5: <5 ys | B5: 2026 | C5: 11725 | D5: 16 | E5: =IFERROR(D5/C5*100,"") -> 0.13646055 | F5: 8884 | G5: 2665 | H5: 176
A6: 5 - <10 ys | B6: 2026 | C6: 20152 | D6: 36 | E6: =IFERROR(D6/C6*100,"") -> 0.17864232 | F6: 14272 | G6: 5331 | H6: 549
A7: 10 - < 15 ys | B7: 2026 | C7: 19555 | D7: 27 | E7: =IFERROR(D7/C7*100,"") -> 0.1380721 | F7: 13253 | G7: 5913 | H7: 389
A8: 15+ | B8: 2026 | C8: 10643 | D8: 3 | E8: =IFERROR(D8/C8*100,"") -> 0.028187541 | F8: 8772 | G8: 1823 | H8: 48
E16: =IFERROR(D16/C16*100,"")
E17: =IFERROR(D17/C17*100,"")
E18: =IFERROR(D18/C18*100,"")
E19: =IFERROR(D19/C19*100,"")
E20: =IFERROR(D20/C20*100,"")
E21: =IFERROR(D21/C21*100,"")
E22: =IFERROR(D22/C22*100,"")
E23: =IFERROR(D23/C23*100,"")
E24: =IFERROR(D24/C24*100,"")
E25: =IFERROR(D25/C25*100,"")
E26: =IFERROR(D26/C26*100,"")
E27: =IFERROR(D27/C27*100,"")
... E43: =IFERROR(D43/C43*100,"")
